regime,metric,mean_s,std_s,median_s,p05_s,p95_s
ideal_hardware_ptp,release_error_v0,9.245703830839678e-11,4.000790347180382e-08,1.4534597716159973e-10,-6.569899404076974e-08,6.590546783409066e-08
ideal_hardware_ptp,release_error_v1,2.0622079438611304e-10,4.007323662403521e-08,2.2395382782695658e-10,-6.614849068465101e-08,6.602763424958054e-08
ideal_hardware_ptp,release_error_v2,1.5243098655818832e-11,3.9971144367212394e-08,2.0579889653902515e-10,-6.608511187554044e-08,6.530194648788636e-08
ideal_hardware_ptp,delta_t_01,-1.1376375607771614e-10,5.67581212340283e-08,1.0147506156382053e-10,-9.348305475075453e-08,9.285420983238659e-08
ideal_hardware_ptp,delta_t_02,7.721393965257804e-11,5.655863312246949e-08,8.452620875102323e-11,-9.291969773468066e-08,9.324482196394995e-08
ideal_hardware_ptp,delta_t_12,1.9097769573029423e-10,5.653286705275883e-08,4.444131685360677e-11,-9.244099800094781e-08,9.343716209082187e-08
realistic_control_plane_ptp,release_error_v0,5.8807391985785284e-09,2.8628063503093427e-06,9.905336721167113e-09,-4.72471828228905e-06,4.704604520136301e-06
realistic_control_plane_ptp,release_error_v1,4.871145707433103e-09,2.8623679907919547e-06,-8.971244037692301e-10,-4.697782528042721e-06,4.725295319840566e-06
realistic_control_plane_ptp,release_error_v2,1.0917444906997798e-08,2.8638009002201408e-06,1.5585097618880584e-08,-4.686669306799465e-06,4.730916913141936e-06
realistic_control_plane_ptp,delta_t_01,1.0095934911454215e-09,4.038102942341531e-06,-4.7555907211444635e-09,-6.614316605621217e-06,6.651894755800326e-06
realistic_control_plane_ptp,delta_t_02,-5.0367057084192705e-09,4.043748362397403e-06,-1.042571141831286e-08,-6.646940050990156e-06,6.647774777809577e-06
realistic_control_plane_ptp,delta_t_12,-6.046299199564688e-09,4.054112675248159e-06,-1.7139301879932513e-08,-6.6330135589024265e-06,6.659259494345026e-06
conservative_ptp_10us_ctrl_2us,release_error_v0,2.0538984211582253e-08,1.017553124565163e-05,-1.2523108428659188e-08,-1.666848291659394e-05,1.6768112037695062e-05
conservative_ptp_10us_ctrl_2us,release_error_v1,1.7254855132154237e-08,1.0189055641536951e-05,-2.1304929557562083e-09,-1.678098326623128e-05,1.6836872218067966e-05
conservative_ptp_10us_ctrl_2us,release_error_v2,1.1060242747412395e-08,1.0227568441557883e-05,-1.810865513831205e-08,-1.680904254186981e-05,1.679894172434189e-05
conservative_ptp_10us_ctrl_2us,delta_t_01,3.28412907942802e-09,1.4404001538007096e-05,-1.2385330138204881e-08,-2.3627415073346336e-05,2.377953889821445e-05
conservative_ptp_10us_ctrl_2us,delta_t_02,9.478741464169838e-09,1.4441859024326438e-05,6.786307017134703e-10,-2.371715256570582e-05,2.3843399758744806e-05
conservative_ptp_10us_ctrl_2us,delta_t_12,6.194612384741818e-09,1.4440365330897445e-05,2.1836789605347224e-08,-2.369914947133256e-05,2.3717168298559364e-05
conservative_ptp_10us_ctrl_5us,release_error_v0,-3.44561415511497e-08,1.1189351496371713e-05,-8.008181254164832e-08,-1.8377536138140682e-05,1.834574069223388e-05
conservative_ptp_10us_ctrl_5us,release_error_v1,3.014170729702749e-08,1.121394492007241e-05,1.035190874900482e-07,-1.853159831615516e-05,1.8328420365048368e-05
conservative_ptp_10us_ctrl_5us,release_error_v2,-1.153000805352961e-08,1.1172630309862996e-05,-3.2140434549887656e-08,-1.840897729860877e-05,1.8438023979733464e-05
conservative_ptp_10us_ctrl_5us,delta_t_01,-6.45978488481772e-08,1.5824968523451373e-05,-6.655994425559292e-08,-2.6064386203464306e-05,2.596256669841579e-05
conservative_ptp_10us_ctrl_5us,delta_t_02,-2.292613349762012e-08,1.5790680915519044e-05,-3.613677331813525e-08,-2.5994133980800875e-05,2.588977800566286e-05
conservative_ptp_10us_ctrl_5us,delta_t_12,4.167171535055711e-08,1.580932569004563e-05,-2.3646054291617836e-08,-2.585610568815555e-05,2.6105618656955724e-05
conservative_ptp_10us_ctrl_10us,release_error_v0,-5.346675889309887e-08,1.4166189765671477e-05,-6.390479950928584e-08,-2.3416348326715074e-05,2.321389250807032e-05
conservative_ptp_10us_ctrl_10us,release_error_v1,-2.827156446075284e-08,1.4125599474017447e-05,-8.928435288911876e-09,-2.316502928739514e-05,2.3150697065170204e-05
conservative_ptp_10us_ctrl_10us,release_error_v2,2.1686873206545573e-08,1.414168466810767e-05,-4.799918300137337e-09,-2.3168688649439115e-05,2.3220552194603388e-05
conservative_ptp_10us_ctrl_10us,delta_t_01,-2.5195194432346005e-08,2.0034177090195086e-05,2.8854955829149036e-08,-3.2920306900589635e-05,3.2859579499615644e-05
conservative_ptp_10us_ctrl_10us,delta_t_02,-7.515363209964448e-08,2.004108688779388e-05,-9.074975351887057e-08,-3.286126584292679e-05,3.290235155913356e-05
conservative_ptp_10us_ctrl_10us,delta_t_12,-4.9958437667298426e-08,2.001184941405469e-05,-2.102785625018889e-08,-3.295112347724599e-05,3.285875320751039e-05
conservative_ptp_20us_ctrl_2us,release_error_v0,-6.44411295733988e-08,2.0077573245738395e-05,-4.411371775768815e-08,-3.3043426211127936e-05,3.309741518465488e-05
conservative_ptp_20us_ctrl_2us,release_error_v1,6.423523516134581e-08,2.0142756260796196e-05,7.625678912070439e-08,-3.301054593320751e-05,3.3190000988407624e-05
conservative_ptp_20us_ctrl_2us,release_error_v2,-2.5532083144729806e-08,2.010608661016126e-05,-5.4791020233322555e-09,-3.327788558502806e-05,3.283879736205654e-05
conservative_ptp_20us_ctrl_2us,delta_t_01,-1.2867636473474465e-07,2.8460391443903992e-05,-1.6753047622077734e-07,-4.677245641130892e-05,4.6797453873780864e-05
conservative_ptp_20us_ctrl_2us,delta_t_02,-3.890904642866905e-08,2.8373406295248426e-05,-5.5623687350653004e-08,-4.674616429985416e-05,4.673965703803413e-05
conservative_ptp_20us_ctrl_2us,delta_t_12,8.976731830607562e-08,2.853891227476741e-05,8.355027554846195e-08,-4.673922373301869e-05,4.706537912519422e-05
conservative_ptp_20us_ctrl_5us,release_error_v0,3.3293488596334186e-08,2.0640823609677057e-05,-8.528447891382575e-09,-3.378102785295083e-05,3.40391881221523e-05
conservative_ptp_20us_ctrl_5us,release_error_v1,-4.7578827318047326e-08,2.0631171186438105e-05,-8.219953027397622e-08,-3.398426349027452e-05,3.381993634005263e-05
conservative_ptp_20us_ctrl_5us,release_error_v2,-5.981342166943388e-08,2.0573728647748046e-05,5.093881353029248e-10,-3.400996851116468e-05,3.3868185800297086e-05
conservative_ptp_20us_ctrl_5us,delta_t_01,8.08723159143815e-08,2.913426029744889e-05,4.621662703219863e-08,-4.785376172254377e-05,4.8141514954868086e-05
conservative_ptp_20us_ctrl_5us,delta_t_02,9.310691026576811e-08,2.917762480352294e-05,6.235911772152772e-08,-4.760995557789738e-05,4.805485931440025e-05
conservative_ptp_20us_ctrl_5us,delta_t_12,1.2234594351386587e-08,2.9012746057129957e-05,6.40087603506735e-08,-4.77197241535698e-05,4.781021584937432e-05
conservative_ptp_20us_ctrl_10us,release_error_v0,-1.2549134124904858e-08,2.2363175749340885e-05,5.213890922638766e-08,-3.685756019994885e-05,3.675712106805119e-05
conservative_ptp_20us_ctrl_10us,release_error_v1,-2.9856675885604306e-08,2.2329848092353133e-05,2.7418420845503308e-08,-3.67302930773771e-05,3.6719088802098804e-05
conservative_ptp_20us_ctrl_10us,release_error_v2,-1.336824476196735e-07,2.242933179890449e-05,-2.436116900301814e-07,-3.6839423162248756e-05,3.6833145336719694e-05
conservative_ptp_20us_ctrl_10us,delta_t_01,1.7307541760699443e-08,3.153157465986271e-05,-1.7354943710828955e-08,-5.185191288721914e-05,5.1752634281321525e-05
conservative_ptp_20us_ctrl_10us,delta_t_02,1.211333134947686e-07,3.169703460529554e-05,1.9701850580385002e-08,-5.183869494178352e-05,5.238634390685772e-05
conservative_ptp_20us_ctrl_10us,delta_t_12,1.0382577173406915e-07,3.161593564443893e-05,1.6851060013603187e-07,-5.1551784776000615e-05,5.202061948442868e-05
conservative_ptp_50us_ctrl_2us,release_error_v0,-1.5188232984138492e-07,5.0117151751227105e-05,-1.7543195886069849e-07,-8.213316254384716e-05,8.262265668218379e-05
conservative_ptp_50us_ctrl_2us,release_error_v1,-7.193929431828183e-08,5.0122084113642747e-05,-3.108081420828481e-07,-8.2362442606333e-05,8.223120251538668e-05
conservative_ptp_50us_ctrl_2us,release_error_v2,1.0670594675008392e-07,4.98862628055346e-05,-1.0055563270080481e-07,-8.135761745315462e-05,8.255343711899926e-05
conservative_ptp_50us_ctrl_2us,delta_t_01,-7.994303552310315e-08,7.055581305801362e-05,-7.723764952303476e-08,-0.00011599838642233891,0.00011597104349583926
conservative_ptp_50us_ctrl_2us,delta_t_02,-2.585882765914688e-07,7.076523840582471e-05,7.464633835832739e-08,-0.00011702652184022526,0.00011557759243093125
conservative_ptp_50us_ctrl_2us,delta_t_12,-1.786452410683658e-07,7.08593816559241e-05,-3.469985213901123e-07,-0.00011699470006783939,0.00011649497510927879
conservative_ptp_50us_ctrl_5us,release_error_v0,-1.56673397020912e-08,5.040420072294839e-05,1.458209277415993e-07,-8.274815737763195e-05,8.291856109431006e-05
conservative_ptp_50us_ctrl_5us,release_error_v1,-2.425754185889424e-07,5.03309818797291e-05,-1.587417253569849e-07,-8.328775033280356e-05,8.24716936329491e-05
conservative_ptp_50us_ctrl_5us,release_error_v2,-1.3388436068578505e-07,5.0152368291482255e-05,1.0515293208362143e-07,-8.24774304693943e-05,8.242888509401174e-05
conservative_ptp_50us_ctrl_5us,delta_t_01,2.2690807888685123e-07,7.102919158431512e-05,3.2355415963110647e-07,-0.00011687534849437712,0.00011684399631896299
conservative_ptp_50us_ctrl_5us,delta_t_02,1.1821702098369382e-07,7.090609154667135e-05,1.6171269944758998e-07,-0.00011627123114910376,0.00011703328759271959
conservative_ptp_50us_ctrl_5us,delta_t_12,-1.0869105790315751e-07,7.110609275686647e-05,-3.2633427564785366e-07,-0.0001166744484786429,0.00011736727537993441
conservative_ptp_50us_ctrl_10us,release_error_v0,6.324672907588426e-09,5.101879040138075e-05,-3.432218454086922e-08,-8.389861917466762e-05,8.43434454804051e-05
conservative_ptp_50us_ctrl_10us,release_error_v1,-1.1443645152555668e-07,5.099788606449573e-05,-5.493640781781087e-08,-8.42466069119826e-05,8.413699022600992e-05
conservative_ptp_50us_ctrl_10us,release_error_v2,3.1813685237621374e-08,5.0789977411251996e-05,1.2444527945220956e-07,-8.371503514825409e-05,8.305824967231084e-05
conservative_ptp_50us_ctrl_10us,delta_t_01,1.2076112443314513e-07,7.216530167795022e-05,3.374523164040872e-07,-0.00011917780198837344,0.00011848887226632633
conservative_ptp_50us_ctrl_10us,delta_t_02,-2.5489012330033042e-08,7.203349665852954e-05,-7.869155657272562e-09,-0.00011853857002959516,0.00011885521891545827
conservative_ptp_50us_ctrl_10us,delta_t_12,-1.4625013676317803e-07,7.17992004818354e-05,-2.0686863780399576e-07,-0.00011814352604986846,0.00011822073882006078
